dream and physiology,1
dream content,1
dream extraction,1
dream extraction technologies,1
why we dream,1
dream and memory,1
dream type,1
lucid dream,1
EEG and dream,1
fMRI and dream,1
Frued and dream,1
dream theory,1
Dreams and brain scans,1
dreams and psychology,1
dreams and cognitive psychology,1
dreams and consciousness,1
dreams and conscious mind,1
dreams and subconsciousness,1
dreams and Hypnosis,1
dreams and motivations,1
dreams and sleep,1
dreams content analysis,1
dreams studies,1
dreams articles,1
day dreaming,1
nightmares,1
dreams and neuroscience,1
dream and REM sleep,1
dream and non-REM sleep,1
dream and NREM sleep,1
Dreams and gender,1
sex intercourse in dreams,1
erection in dream,1
females dreams,1
males dreams,1
brainstem and dream,1
RAS and dream,1
forgetting dream,1
dream and age,1
dream and mind reading,1
dream activation patterns,1
read dream content,1
dream formation,1
dream pattern recognition,1
dream reasons,1
brain and dream,1
amygdala and dream,1
dreams image,1
dream and brain activity,1
dream and hippocampus,1
dreams and memory consolidation,1
dream and cerebral cortex,1
short term memory and dream,1
long term memory and dream,1
memory recall and dream,1
dream benifits,1
sleep stages and dream,1
sleep disorders and dreams,1
